{
    "desert": [
        {
            "item":"1", 
            "name": "Panna Cotta",
            "price": "$25.00",
            "serves":"1",
            "desc":"Sweetened cream with gelatin, topped with strawberry sauce, mint leaves and strawberries",
            "pic":"http://soulofjakarta.com/images-artikel/besar/italian-panna-cotta.jpg"
        },
        {
            "item": "2",
            "name": "Tiramisu",
            "price": "$25.00",
            "serves": "1",
            "desc": "coffee-dipped lady-fingers with sweetened mascarpone cream, dusted with cocoa",
            "pic": "https://t3.ftcdn.net/jpg/03/28/01/60/360_F_328016079_nUH0w4v1lB4bUrmoIdrn1S68DhlxoDCS.jpg"
        },
        {
            "item": "3",
            "name": "Crème Caramel",
            "price": "$25.00",
            "serves": "1",
            "desc": "Caramel custard topped with caramel sauce",
            "pic": "https://therealitalianfood.com/wp-content/uploads/2016/02/creme_caramel.jpg"
        },
        {
            "item": "4",
            "name": "Lemon Ricotta Cheesecake",
            "price": "$25.00",
            "serves": "1",
            "desc": "Lemon cheesecake with Ricotta cheese",
            "pic": "https://www.missallieskitchen.com/wp-content/uploads/2020/03/Italian-Lemon-Cheesecake-1392.jpg"
        },
        {
            "item": "5",
            "name": "Gelato al Cioccolato",
            "price": "$25.00",
            "serves": "1",
            "desc": "Chocolate gelato",
            "pic": "https://www.ricetteperbimby.it/foto-ricette/gelato-cioccolato-fondente-bimby-2.jpg"
        }
    ]
}
