{
    "wine": [
        {
            "item":"1", 
            "name": "Gavi de Gavi",
            "price": "$25.00",
            "serves":"5",
            "pic": "https://cdn.aldi-digital.co.uk//703779403671800-A.jpg?o=JqwRGxmm43U%24fYTzMu503BUEsv8j&V=NK8q"
        },
        {
            "item": "2",
            "name": "Brunello",
            "price": "$25.00",
            "serves": "5",
            "pic": "https://images.vivino.com/thumbs/2kpPcKs9RZKsldPim5y9hA_375x500.jpg"
        },
        {
            "item": "3",
            "name": "Lugana Doc",
            "price": "$25.00",
            "serves": "5",
            "pic": "https://i.pinimg.com/originals/30/80/5c/30805c594e63360079cc0dd556fcb455.jpg"
        },
        {
            "item": "4",
            "name": "Pinot Grigio",
            "price": "$25.00",
            "serves": "5",
            "pic": "https://upload.wikimedia.org/wikipedia/commons/thumb/5/59/Alto_adige_Pinot_grigio.jpg/220px-Alto_adige_Pinot_grigio.jpg"
        },
        {
            "item": "5",
            "name": "Amarone",
            "price": "$25.00",
            "serves": "5",
            "pic": "https://thechampagnecompany.com/media/catalog/product/cache/17f574cd16527d997e61f97175df04ad/t/o/tommasi_amarone_valpolicella_75cl_lsa_wine_collection_red_wine_glasses_copy_1.jpg"
        }
    ]
}
